{"cameraMode":{"drawMode":0,"name":"Shaded","section":"Shading Mode"},"sceneLighting":true,"audioPlay":false,"sceneViewState":{"showFog":true,"showMaterialUpdate":false,"showSkybox":true,"showFlares":true,"showImageEffects":true,"showParticleSystems":true},"in2DMode":false,"pivot":{"x":-1.2468401193618775,"y":0.48818299174308779,"z":-11.040183067321778},"rotation":{"x":0.00118997972458601,"y":-0.018902050331234933,"z":-0.000020447650967980735,"w":-0.9998247623443604},"size":2.1590354442596437,"orthographic":false}