{"cameraMode":{"drawMode":0,"name":"Shaded","section":"Shading Mode"},"sceneLighting":true,"audioPlay":false,"sceneViewState":{"showFog":true,"showMaterialUpdate":false,"showSkybox":true,"showFlares":true,"showImageEffects":true,"showParticleSystems":true},"in2DMode":false,"pivot":{"x":0.6335000991821289,"y":0.6120001077651978,"z":-0.12875080108642579},"rotation":{"x":0.036968961358070376,"y":0.10681869834661484,"z":0.003974501043558121,"w":-0.9935860633850098},"size":4.732655048370361,"orthographic":false}