{"cameraMode":{"drawMode":0,"name":"Shaded","section":"Shading Mode"},"sceneLighting":true,"audioPlay":false,"sceneViewState":{"showFog":true,"showMaterialUpdate":false,"showSkybox":true,"showFlares":true,"showImageEffects":true,"showParticleSystems":true},"in2DMode":false,"pivot":{"x":3.180413246154785,"y":0.24724555015563966,"z":1.8325340747833253},"rotation":{"x":-0.1599729210138321,"y":-0.6616899967193604,"z":0.1474507749080658,"w":-0.7175537943840027},"size":8.174738883972168,"orthographic":false}