{"cameraMode":{"drawMode":0,"name":"Shaded","section":"Shading Mode"},"sceneLighting":false,"audioPlay":false,"sceneViewState":{"showFog":true,"showMaterialUpdate":false,"showSkybox":false,"showFlares":true,"showImageEffects":true,"showParticleSystems":true},"in2DMode":false,"pivot":{"x":-1.7488021850585938,"y":21.62254524230957,"z":250.91329956054688},"rotation":{"x":-0.23393167555332185,"y":0.6866645216941834,"z":-0.2505042552947998,"w":-0.641242265701294},"size":90.2740707397461,"orthographic":false}