{"cameraMode":{"drawMode":0,"name":"Shaded","section":"Shading Mode"},"sceneLighting":true,"audioPlay":false,"sceneViewState":{"showFog":true,"showMaterialUpdate":false,"showSkybox":true,"showFlares":true,"showImageEffects":true,"showParticleSystems":true},"in2DMode":false,"pivot":{"x":11.53296184539795,"y":57.68123245239258,"z":236.4192657470703},"rotation":{"x":-0.10789503157138825,"y":0.889635443687439,"z":-0.3474336266517639,"w":-0.2763846218585968},"size":50.490989685058597,"orthographic":false}