{"cameraMode":{"drawMode":0,"name":"Shaded","section":"Shading Mode"},"sceneLighting":false,"audioPlay":false,"sceneViewState":{"showFog":true,"showMaterialUpdate":false,"showSkybox":false,"showFlares":true,"showImageEffects":true,"showParticleSystems":true},"in2DMode":false,"pivot":{"x":26.103981018066408,"y":11.110897064208985,"z":113.69309997558594},"rotation":{"x":0.026683999225497247,"y":-0.015895429998636247,"z":-0.0004876988532487303,"w":-0.9995667934417725},"size":64.77281188964844,"orthographic":false}